id,title,selftext,score,num_comments,created_utc,url,text,sentiment,polarity,subjectivity
1l0oiji,"join our ""find friends to follow"" chat - make new Strava acquaintances here!",,0,34,1748783162.0,https://www.reddit.com/r/Strava/s/IWvBpQKdkp,"join our ""find friends to follow"" chat - make new Strava acquaintances here! ",positive,0.17045454545454544,0.45454545454545453
1lmkyvz,Hunter KOM V2 just dropped - the algorithm got WAY smarter and I'm genuinely excited!,"Hey r/Strava! So I've been working onÂ Hunter KOMÂ for a while now, and just pushed V2Â with improvements that honestly have me more excited than I expected.The biggest game-changer:Â The filteringÂ algorithm is now ridiculously smarter. Before in V1, I'd search an area and Hunter KOM would show me like 20 segmentsÂ - most of them completely unrealistic pipe dreams. Now inÂ V2? Same area shows only 7 segments, butÂ they're actually segments I can realistically crush based on my climbing data.What's newÂ in Hunter KOM V2:

* SmartÂ color-coded realism: Green = ""goÂ get it right now"", Yellow = ""trainÂ a bit and it's yours"", Red = ""futureÂ goals but totally doable""

* FlexibleÂ map views: Detail view for precision hunting, Wide view for broaderÂ exploration, Balanced view for optimal coverage

* Dark/Light themesÂ (finally!)

* Enhanced segment analysisÂ - KOM holder details, times, everythingÂ you need to plan your attack

* Smarter algorithmÂ that actually understands your VAMÂ and climbing ability

The difference is night and day. Instead of getting discouraged by impossible segments, HunterÂ KOM V2 now shows youÂ segments where you can actually make progress and build confidence.\[Video demo attached - you can see the V2 improvements in action\]Feel free to tryÂ Hunter KOM V2 and come back withÂ a review here or shoot me a DM!Â I'm really curious ifÂ the new color coding system matches your real-world experience whenÂ you tackle these segments.

Link:Â [Hunter KOM](https://hunter-kom.com)

Anyone else usingÂ Hunter KOM and notice the V2 improvements? The algorithm upgrade feels like a completely different tool now!",18,16,1751111473.0,https://v.redd.it/5a9vt6opon9f1,"Hunter KOM V2 just dropped - the algorithm got WAY smarter and I'm genuinely excited! Hey r/Strava! So I've been working onÂ Hunter KOMÂ for a while now, and just pushed V2Â with improvements that honestly have me more excited than I expected.The biggest game-changer:Â The filteringÂ algorithm is now ridiculously smarter. Before in V1, I'd search an area and Hunter KOM would show me like 20 segmentsÂ - most of them completely unrealistic pipe dreams. Now inÂ V2? Same area shows only 7 segments, butÂ they're actually segments I can realistically crush based on my climbing data.What's newÂ in Hunter KOM V2:

* SmartÂ color-coded realism: Green = ""goÂ get it right now"", Yellow = ""trainÂ a bit and it's yours"", Red = ""futureÂ goals but totally doable""

* FlexibleÂ map views: Detail view for precision hunting, Wide view for broaderÂ exploration, Balanced view for optimal coverage

* Dark/Light themesÂ (finally!)

* Enhanced segment analysisÂ - KOM holder details, times, everythingÂ you need to plan your attack

* Smarter algorithmÂ that actually understands your VAMÂ and climbing ability

The difference is night and day. Instead of getting discouraged by impossible segments, HunterÂ KOM V2 now shows youÂ segments where you can actually make progress and build confidence.\[Video demo attached - you can see the V2 improvements in action\]Feel free to tryÂ Hunter KOM V2 and come back withÂ a review here or shoot me a DM!Â I'm really curious ifÂ the new color coding system matches your real-world experience whenÂ you tackle these segments.

Link:Â [Hunter KOM](https://hunter-kom.com)

Anyone else usingÂ Hunter KOM and notice the V2 improvements? The algorithm upgrade feels like a completely different tool now!",neutral,0.037367750783699055,0.5478504254366324
1lmay04,Dude must be Superman,Why doesnâ€™t Strava flag ,51,13,1751074586.0,https://i.redd.it/qf78m7wrnk9f1.jpeg,Dude must be Superman Why doesnâ€™t Strava flag ,neutral,0.0,0.0
1lmu4t8,Extremely inaccurate elevation gain synced from Apple Watch,"It cannot be that drastic difference and Iâ€™m almost pretty sure we didnâ€™t go over 500m gain, what could cause this? Can I edit and fill 488m in my Strava activity?",1,3,1751136157.0,https://www.reddit.com/gallery/1lmu4t8,"Extremely inaccurate elevation gain synced from Apple Watch It cannot be that drastic difference and Iâ€™m almost pretty sure we didnâ€™t go over 500m gain, what could cause this? Can I edit and fill 488m in my Strava activity?",positive,0.20833333333333334,0.9629629629629629
1lmtxad,â€œThere is a problem with your account. Please contact support to access your subscriptionâ€,"Iâ€™ve contacted support with no reply for almost a week. Can anyone help?

Lost access to my other email for my original account. Iâ€™d rather regain access to that account. 

Tried to Restore Purchases inside a new account, got the above message. What am I paying for if I cant access it or support?!",1,0,1751135623.0,https://www.reddit.com/r/Strava/comments/1lmtxad/there_is_a_problem_with_your_account_please/,"â€œThere is a problem with your account. Please contact support to access your subscriptionâ€ Iâ€™ve contacted support with no reply for almost a week. Can anyone help?

Lost access to my other email for my original account. Iâ€™d rather regain access to that account. 

Tried to Restore Purchases inside a new account, got the above message. What am I paying for if I cant access it or support?!",neutral,0.09659090909090909,0.41988636363636367
1lmqkxy,Bike computer (Karoo 3) + Apple Watch = duplicate activities,"What is the best way to get Apple Watch heart rate data to Strava? I have a Hammerhead Karoo 3 bike computer that tracks distance and I just want the heart rate data to be added to the workout.

My way so far: start tour on the Karoo, start Apple Watch workout using the Apple Training app. Then the tour is synchronized to Strava from the Karoo and also the training from the Apple Watch (in the Strava menu --> Import training from Health). However, this leads to duplicate training sessions, see picture.

How do I get it so that basically only the tour from the bike computer appears and the heart rate data is added?

",1,2,1751127165.0,https://i.redd.it/jywfkv7dzo9f1.jpeg,"Bike computer (Karoo 3) + Apple Watch = duplicate activities What is the best way to get Apple Watch heart rate data to Strava? I have a Hammerhead Karoo 3 bike computer that tracks distance and I just want the heart rate data to be added to the workout.

My way so far: start tour on the Karoo, start Apple Watch workout using the Apple Training app. Then the tour is synchronized to Strava from the Karoo and also the training from the Apple Watch (in the Strava menu --> Import training from Health). However, this leads to duplicate training sessions, see picture.

How do I get it so that basically only the tour from the bike computer appears and the heart rate data is added?

",positive,0.3666666666666667,0.7666666666666666
1lmqf8l,Strava not tracking,"I have recently got a new iphone (11), and with it, a new flip phone case. Since getting it Strava or any running app is struggling to record and doesnâ€™t track my run and random lines appear. I run with it in a bag on my back.

Does anyone have any idea on what I should do?",1,6,1751126767.0,https://www.reddit.com/r/Strava/comments/1lmqf8l/strava_not_tracking/,"Strava not tracking I have recently got a new iphone (11), and with it, a new flip phone case. Since getting it Strava or any running app is struggling to record and doesnâ€™t track my run and random lines appear. I run with it in a bag on my back.

Does anyone have any idea on what I should do?",neutral,-0.045454545454545456,0.33181818181818185
1lmmksu,How do activities work?,I have 500 activities but my total Rides / Walks are not adding up to 500. ,1,0,1751116541.0,https://www.reddit.com/r/Strava/comments/1lmmksu/how_do_activities_work/,How do activities work? I have 500 activities but my total Rides / Walks are not adding up to 500. ,neutral,0.0,0.75
1lmm9ny,Feature idea: A-B Segments,you have to go from point a to point b as fast as possibley no matter the route. like from one coty to the next.,0,4,1751115636.0,https://www.reddit.com/r/Strava/comments/1lmm9ny/feature_idea_ab_segments/,Feature idea: A-B Segments you have to go from point a to point b as fast as possibley no matter the route. like from one coty to the next.,neutral,0.1,0.3
1lmk0da,Nutrition tips for Ironman 70.3?,"
Iâ€™m doing my first Ironman 70.3 soon (not racing, just want to see if I can finish), and wanted to ask for nutrition tips.

For my last marathon, I kept it super simple: I ate 4 Sour Patch Kids every 30 minutes and had half of a protein waffle every other 30 minutes. That came out to ~125 calories/hour, and it worked well enough for me. Planning to do something similar for the 70.3 and sip electrolytes along the way.

Would love to hear your thoughts:

Is 125 cal/hr enough for a 70.3 at a steady, non-race pace?
What do you eat on the bike vs. the run?
Any rookie mistakes I should avoid?
Do you plan differently if you're just trying to finish vs. race?
Iâ€™m not trying to hit a time goal - just looking to enjoy the day and cross the finish line upright. Appreciate any insights from the community!",1,2,1751108094.0,https://www.reddit.com/r/Strava/comments/1lmk0da/nutrition_tips_for_ironman_703/,"Nutrition tips for Ironman 70.3? 
Iâ€™m doing my first Ironman 70.3 soon (not racing, just want to see if I can finish), and wanted to ask for nutrition tips.

For my last marathon, I kept it super simple: I ate 4 Sour Patch Kids every 30 minutes and had half of a protein waffle every other 30 minutes. That came out to ~125 calories/hour, and it worked well enough for me. Planning to do something similar for the 70.3 and sip electrolytes along the way.

Would love to hear your thoughts:

Is 125 cal/hr enough for a 70.3 at a steady, non-race pace?
What do you eat on the bike vs. the run?
Any rookie mistakes I should avoid?
Do you plan differently if you're just trying to finish vs. race?
Iâ€™m not trying to hit a time goal - just looking to enjoy the day and cross the finish line upright. Appreciate any insights from the community!",neutral,0.08055555555555555,0.3776984126984127
1lm7sng,"My GPS must have bugged out big time, as my tempo run was suddenly a PR!","Iâ€™m not sure how this happened, is there anyway to fix this? I donâ€™t want to delete the run, but I donâ€™t want this to take my PR as itâ€™s clearly false. Can I change the split? Or just make the run not count towards my PR? 

Thanks!",6,3,1751065306.0,https://i.redd.it/q1b8yud6wj9f1.jpeg,"My GPS must have bugged out big time, as my tempo run was suddenly a PR! Iâ€™m not sure how this happened, is there anyway to fix this? I donâ€™t want to delete the run, but I donâ€™t want this to take my PR as itâ€™s clearly false. Can I change the split? Or just make the run not count towards my PR? 

Thanks!",negative,-0.10000000000000003,0.4472222222222222
1lmdpuf,Virtual Race,"I've seen many reports about it, some of them already merged together, but cannot see any ETA or communication about this topic.

Yesterday was my first virtual race (Zwift ride) and had to realize that there isn't any option to save my ride as a race event. Why?! I mean I honestly don't understand why isn't it a default option to ANY ride or any sport to record as a race. 

But my Yoga can be a commute yoga. I downdogging to the office regularly ðŸ™ƒ",2,2,1751083770.0,https://www.reddit.com/r/Strava/comments/1lmdpuf/virtual_race/,"Virtual Race I've seen many reports about it, some of them already merged together, but cannot see any ETA or communication about this topic.

Yesterday was my first virtual race (Zwift ride) and had to realize that there isn't any option to save my ride as a race event. Why?! I mean I honestly don't understand why isn't it a default option to ANY ride or any sport to record as a race. 

But my Yoga can be a commute yoga. I downdogging to the office regularly ðŸ™ƒ",positive,0.22000000000000003,0.4995512820512821
1lmmbj4,Feature Idea: Backwards Segments,"when creating a segment from point A-B called ""Climb1"" it automaticely creates a second segment called ""Climb1 backwards"". I NEED THIS PLEASE",0,3,1751115779.0,https://www.reddit.com/r/Strava/comments/1lmmbj4/feature_idea_backwards_segments/,"Feature Idea: Backwards Segments when creating a segment from point A-B called ""Climb1"" it automaticely creates a second segment called ""Climb1 backwards"". I NEED THIS PLEASE",neutral,0.0,0.0
1lm1jg0,HR,"Hello all. 

Generally curious.

I've been running for a few years now, but going back through my strava. My HR always seems to be high even on easy / recovery runs. 150-160

Predicted max HR is sitting at 204. But highest is 198. But when I do a good paced run 180 is a average but feel comfortable and can just cruise through it, done on HM and 10mioe PBs 

I speak to PTs and fitness instructors and they all vary on responses I.e I'm unfit thatsbehy my hr is high. I'm fit and just able to hold a higher HR and lactate threshold 
 I get there are different zone but I can outlast the ""fittest"" lad whose HR is always low.

Any other theory's or advice ? ",5,10,1751049501.0,https://www.reddit.com/r/Strava/comments/1lm1jg0/hr/,"HR Hello all. 

Generally curious.

I've been running for a few years now, but going back through my strava. My HR always seems to be high even on easy / recovery runs. 150-160

Predicted max HR is sitting at 204. But highest is 198. But when I do a good paced run 180 is a average but feel comfortable and can just cruise through it, done on HM and 10mioe PBs 

I speak to PTs and fitness instructors and they all vary on responses I.e I'm unfit thatsbehy my hr is high. I'm fit and just able to hold a higher HR and lactate threshold 
 I get there are different zone but I can outlast the ""fittest"" lad whose HR is always low.

Any other theory's or advice ? ",positive,0.1618888888888889,0.5075555555555555
1llmi9i,Strava x Runna subscription,"I know they said that they will remain separate subscriptions but this popped up when I updated the Strava app this morning. However I canâ€™t find anything else about this, neither on the Strava website or in the app. Does anybody know more about this?",40,13,1751004183.0,https://i.redd.it/lwhfl1gfue9f1.jpeg,"Strava x Runna subscription I know they said that they will remain separate subscriptions but this popped up when I updated the Strava app this morning. However I canâ€™t find anything else about this, neither on the Strava website or in the app. Does anybody know more about this?",positive,0.5,0.5
1lm62q2,"voice instructions for ""start"" on a route?","I've got a strava route for an open ride tomorrow and was thinking about trying out using strava ""start"" on the route. does it provide you with voice prompts? if so, does it tell you when you go off route,or how to get back like Google maps? ",2,0,1751060821.0,https://www.reddit.com/r/Strava/comments/1lm62q2/voice_instructions_for_start_on_a_route/,"voice instructions for ""start"" on a route? I've got a strava route for an open ride tomorrow and was thinking about trying out using strava ""start"" on the route. does it provide you with voice prompts? if so, does it tell you when you go off route,or how to get back like Google maps? ",neutral,0.0,0.25
1lmaux3,Ran a faster pr but Strava shows 2nd best and time was faster,On Nike run which is what I mainly use to track the run it shows todayâ€™s run was a 5k pr but stabs shows 2nd best same route and distance was 4 seconds faster and no breaks on both runs ,0,3,1751074316.0,https://www.reddit.com/gallery/1lmaux3,Ran a faster pr but Strava shows 2nd best and time was faster On Nike run which is what I mainly use to track the run it shows todayâ€™s run was a 5k pr but stabs shows 2nd best same route and distance was 4 seconds faster and no breaks on both runs ,positive,0.36111111111111116,0.1763888888888889
1lm24de,Any way to combine Strava data from my watch and my phone?,"If I track a [hike ](https://www.strava.com/activities/14916947793)with my Samsung watch, I get heart rate. If I instead track [it](https://www.strava.com/activities/14865745593) with my Samsung phone I get steps and cadence.  If I track with both, my Strava acct. says I went on two hikes. Ugh! Is there any way to track with both devices and have Strava **combine** all the data and give me everything in one activity record? Thanks in advance for any assistance...",3,0,1751050899.0,https://www.reddit.com/r/Strava/comments/1lm24de/any_way_to_combine_strava_data_from_my_watch_and/,"Any way to combine Strava data from my watch and my phone? If I track a [hike ](https://www.strava.com/activities/14916947793)with my Samsung watch, I get heart rate. If I instead track [it](https://www.strava.com/activities/14865745593) with my Samsung phone I get steps and cadence.  If I track with both, my Strava acct. says I went on two hikes. Ugh! Is there any way to track with both devices and have Strava **combine** all the data and give me everything in one activity record? Thanks in advance for any assistance...",positive,0.2,0.2
1lmkby5,Is there any way you can make it stop at exactly 5k so I don't have to keep my eye on it and stop it manually every time?,If they don't have this feature they should definitely add it cos its annoying without it ,0,23,1751109249.0,https://www.reddit.com/r/Strava/comments/1lmkby5/is_there_any_way_you_can_make_it_stop_at_exactly/,Is there any way you can make it stop at exactly 5k so I don't have to keep my eye on it and stop it manually every time? If they don't have this feature they should definitely add it cos its annoying without it ,negative,-0.18333333333333335,0.5499999999999999
1lm2xku,"Is there a good way of finding running routes on roads that DONT have sidewalks, have minimal intersections, traffic, etc? Automatic suggestions vs manual search on map then driving to scout? Just moved and can only find places where running on the sidewalk seems appropriate.","For years Iâ€™ve lived somewhere where there simply arenâ€™t sidewalks, it was all asphalt road and Iâ€™d simply run on the side of the road. An added benefit was the main road I ran on when for 5km straight with only 1 stop sign, no lights (and obviously as a pedestrian I had right of way anyway). Idk if this is a universal sentiment but I never realized how bad running on sidewalks is until Iâ€™ve been forced to do it. There are some threads online about how sidewalks are harder than asphalt roads and while thatâ€™s probably true Iâ€™m not sure if that is noticeable to any meaningful degree. What I really donâ€™t like about sidewalks is I feel like Iâ€™m having to be way more conscious of where my feet are landing, and then thatâ€™s sort of limiting my stride length in weird ways and making it varied, ie I start getting too close to the cracks and then I have to adjust and either start taking longer or shorter strides. Even if each sidewalk section was perfectly level I feel like the lines themselves throw me off mentally, like for some reason I just donâ€™t want to step on the lines. 

So Iâ€™m wondering if thereâ€™s a way to automatically find good running routes that donâ€™t have sidewalks without driving all around the city and trying to find them. Thanks for any help. ",2,0,1751052883.0,https://www.reddit.com/r/Strava/comments/1lm2xku/is_there_a_good_way_of_finding_running_routes_on/,"Is there a good way of finding running routes on roads that DONT have sidewalks, have minimal intersections, traffic, etc? Automatic suggestions vs manual search on map then driving to scout? Just moved and can only find places where running on the sidewalk seems appropriate. For years Iâ€™ve lived somewhere where there simply arenâ€™t sidewalks, it was all asphalt road and Iâ€™d simply run on the side of the road. An added benefit was the main road I ran on when for 5km straight with only 1 stop sign, no lights (and obviously as a pedestrian I had right of way anyway). Idk if this is a universal sentiment but I never realized how bad running on sidewalks is until Iâ€™ve been forced to do it. There are some threads online about how sidewalks are harder than asphalt roads and while thatâ€™s probably true Iâ€™m not sure if that is noticeable to any meaningful degree. What I really donâ€™t like about sidewalks is I feel like Iâ€™m having to be way more conscious of where my feet are landing, and then thatâ€™s sort of limiting my stride length in weird ways and making it varied, ie I start getting too close to the cracks and then I have to adjust and either start taking longer or shorter strides. Even if each sidewalk section was perfectly level I feel like the lines themselves throw me off mentally, like for some reason I just donâ€™t want to step on the lines. 

So Iâ€™m wondering if thereâ€™s a way to automatically find good running routes that donâ€™t have sidewalks without driving all around the city and trying to find them. Thanks for any help. ",positive,0.12893772893772895,0.5111111111111111
1lm7s20,Mi Watch and external sensors,"Hi.
I am currently using my daily Mi Watch to track my biking (I start the activity on a watch and when finished it sends it to Mi Fitness and automatically to Strava).
Mi Watch tracks the route really good and it has heart rate monitor, additionally I wear it daily, so I prefer to stay with it.

Is there any way to add external sensors (ant or Bluetooth) like Cadence or Power to such configuration?
Can I somehow track my route on a watch and track cadence on a mobile and merge them? Ot Can I adderge two activities, one having heart rate and second having cadence and power into one?",1,0,1751065266.0,https://www.reddit.com/r/Strava/comments/1lm7s20/mi_watch_and_external_sensors/,"Mi Watch and external sensors Hi.
I am currently using my daily Mi Watch to track my biking (I start the activity on a watch and when finished it sends it to Mi Fitness and automatically to Strava).
Mi Watch tracks the route really good and it has heart rate monitor, additionally I wear it daily, so I prefer to stay with it.

Is there any way to add external sensors (ant or Bluetooth) like Cadence or Power to such configuration?
Can I somehow track my route on a watch and track cadence on a mobile and merge them? Ot Can I adderge two activities, one having heart rate and second having cadence and power into one?",neutral,0.0875,0.21250000000000002
1lm2ymv,"Recent (Q2 2025Â±) increase in random, new Followers","Reference: 
Within the last 4 months, other Reddit posts in the Strava subreddit titled
â€¢â€‚Random followers   
â€¢â€‚New Followers   
â€¢â€‚My new ""followers""  
â€¢â€‚New female followers?  
â€¢â€‚Lots of new ""spam like"" followers.   

I would like to echo the questions and concerns of these other posts over the past 4-5 months. I have also had an increase in random followers (+10)  in 2025 (In Q2? Maybe some in Q1).

While I do sync all my activities into Strava, biking (distance cycling) is my primary and I'm getting followed by non-bikers. Typical Strava behavior in north east US:  we connect at or after events, or via your contacts/Facebook. The new followers I'm getting are completely random and geographically dispersed, and do not appear to be cyclists. I have not ""followed back"" on any of these. 

My primary concern:  there are patterns in these new followers. They tend to have IDs using first name with an initial for last name. 8 of the 10 are from across the country (CA), are young, Asian women with sexy photos taken from behind or just parts of their body, with a few scenery shots. The few bike pictures appear to be modeling shots, with nice bikes and kits, but few 2-3 mile rides that don't relate (i.e. age, gear, activity don't go together). 5 of 10 are from San Francisco, and its beem 7 years since my last visit there. Most have very few activities. They tend to have few followers but are following much more.  2 of the 10 are now inaccessible,  but cant be removed from my Follower list (Strava developers possibly active?). 

If this is benign and just new users trying to follow active peopleâ€”no issue. However, it's the pattern I'm experiencing (anecdotal ?) combined with the number of posts here on Reddit with people experiencing the same thing. 

As an IT professional, it feels like something is happening. I am wondering if this is a calculated effort, programming just getting started to pollute the Strava user base. There is the potential for harm with times and location of peoples' activities visible. So I'd ask the question: is something going on for potential phishing or personal data access in Strava? 
",0,2,1751052956.0,https://www.reddit.com/r/Strava/comments/1lm2ymv/recent_q2_2025_increase_in_random_new_followers/,"Recent (Q2 2025Â±) increase in random, new Followers Reference: 
Within the last 4 months, other Reddit posts in the Strava subreddit titled
â€¢â€‚Random followers   
â€¢â€‚New Followers   
â€¢â€‚My new ""followers""  
â€¢â€‚New female followers?  
â€¢â€‚Lots of new ""spam like"" followers.   

I would like to echo the questions and concerns of these other posts over the past 4-5 months. I have also had an increase in random followers (+10)  in 2025 (In Q2? Maybe some in Q1).

While I do sync all my activities into Strava, biking (distance cycling) is my primary and I'm getting followed by non-bikers. Typical Strava behavior in north east US:  we connect at or after events, or via your contacts/Facebook. The new followers I'm getting are completely random and geographically dispersed, and do not appear to be cyclists. I have not ""followed back"" on any of these. 

My primary concern:  there are patterns in these new followers. They tend to have IDs using first name with an initial for last name. 8 of the 10 are from across the country (CA), are young, Asian women with sexy photos taken from behind or just parts of their body, with a few scenery shots. The few bike pictures appear to be modeling shots, with nice bikes and kits, but few 2-3 mile rides that don't relate (i.e. age, gear, activity don't go together). 5 of 10 are from San Francisco, and its beem 7 years since my last visit there. Most have very few activities. They tend to have few followers but are following much more.  2 of the 10 are now inaccessible,  but cant be removed from my Follower list (Strava developers possibly active?). 

If this is benign and just new users trying to follow active peopleâ€”no issue. However, it's the pattern I'm experiencing (anecdotal ?) combined with the number of posts here on Reddit with people experiencing the same thing. 

As an IT professional, it feels like something is happening. I am wondering if this is a calculated effort, programming just getting started to pollute the Strava user base. There is the potential for harm with times and location of peoples' activities visible. So I'd ask the question: is something going on for potential phishing or personal data access in Strava? 
",neutral,-0.01600902643455836,0.39449709864603477
1ll0n6e,Not sure how to read this new streak thing,So I was active 423 weeks without break? I was actually hospitalized for 2 weeks about 3 months back â€¦ soooo â€¦ I am confused. ,236,80,1750945795.0,https://i.redd.it/b122ca9t0a9f1.jpeg,Not sure how to read this new streak thing So I was active 423 weeks without break? I was actually hospitalized for 2 weeks about 3 months back â€¦ soooo â€¦ I am confused. ,negative,-0.10782828282828283,0.4572390572390573
1llopmr,Request for weekly pace and heart rate splits,"You know how each run shows you the time and % split into heart rate and pace zones?

I'd like that but over a week. It would be easier to track accumulated zone 2 time, anaerobic time, etc.",7,0,1751013043.0,https://www.reddit.com/r/Strava/comments/1llopmr/request_for_weekly_pace_and_heart_rate_splits/,"Request for weekly pace and heart rate splits You know how each run shows you the time and % split into heart rate and pace zones?

I'd like that but over a week. It would be easier to track accumulated zone 2 time, anaerobic time, etc.",neutral,0.0,0.0
1llp5ph,Strava has now (mininal) support for Android Health Connect,,5,3,1751014905.0,https://i.redd.it/yy5i11r9qf9f1.jpeg,Strava has now (mininal) support for Android Health Connect ,neutral,0.0,0.0
1llogmr,AI segment detection,"https://preview.redd.it/9yal25yvef9f1.jpg?width=1013&format=pjpg&auto=webp&s=986022855ebb16e97ea9efb884296744272583a6

I am glad AI can already detect segments such as the first picture where i was on the MTR. But im still baffled that other segments such as in the second photo cannot get excluded. So old records cannot be scrubbed by AI, only the new ones where you are in a car/train/moped? its 240 meters in length and its a service road for a boulevard by the way. The world record for 100m in running is like 9s, and no car/moped will travel 400km/hr in front of a government office, sometimes even police checkpoints are put there at the start of the segment. Even 100km/hr there is sketchy for a cyclist. 

https://preview.redd.it/wo99z8cvff9f1.jpg?width=1058&format=pjpg&auto=webp&s=1dd1a38e946754e4509dccc0ba253c793645eaed

",3,2,1751011981.0,https://www.reddit.com/r/Strava/comments/1llogmr/ai_segment_detection/,"AI segment detection https://preview.redd.it/9yal25yvef9f1.jpg?width=1013&format=pjpg&auto=webp&s=986022855ebb16e97ea9efb884296744272583a6

I am glad AI can already detect segments such as the first picture where i was on the MTR. But im still baffled that other segments such as in the second photo cannot get excluded. So old records cannot be scrubbed by AI, only the new ones where you are in a car/train/moped? its 240 meters in length and its a service road for a boulevard by the way. The world record for 100m in running is like 9s, and no car/moped will travel 400km/hr in front of a government office, sometimes even police checkpoints are put there at the start of the segment. Even 100km/hr there is sketchy for a cyclist. 

https://preview.redd.it/wo99z8cvff9f1.jpg?width=1058&format=pjpg&auto=webp&s=1dd1a38e946754e4509dccc0ba253c793645eaed

",neutral,0.0957070707070707,0.48476430976430973
1llumvi,HR data on Treadmill but not on Outdoor Run,"Hi, I have a Garmin watch and have started recording outdoor runs and treadmill runs on Strava. I noticed that if I record an outdoor run, it doesn't capture my heart rate data (presumably because I am not using a proper HR monitor?). However, I recorded a treadmill run the other evening using my Garmin watch again, and Strava did capture my HR data... Is there a way to get this data on outdoor runs too? Thanks!",1,1,1751032824.0,https://www.reddit.com/r/Strava/comments/1llumvi/hr_data_on_treadmill_but_not_on_outdoor_run/,"HR data on Treadmill but not on Outdoor Run Hi, I have a Garmin watch and have started recording outdoor runs and treadmill runs on Strava. I noticed that if I record an outdoor run, it doesn't capture my heart rate data (presumably because I am not using a proper HR monitor?). However, I recorded a treadmill run the other evening using my Garmin watch again, and Strava did capture my HR data... Is there a way to get this data on outdoor runs too? Thanks!",neutral,0.041666666666666664,0.225
1llkhwb,PSA: Strava has re-enabled loading all saved routes on the app,"As of 417.13 (Android) your saved/created routes will now load in chunks of 20 as you scroll down the list. If this has been a thorn in your side, rejoice! iOS please chime in if it's working for you.",6,0,1750997171.0,https://www.reddit.com/r/Strava/comments/1llkhwb/psa_strava_has_reenabled_loading_all_saved_routes/,"PSA: Strava has re-enabled loading all saved routes on the app As of 417.13 (Android) your saved/created routes will now load in chunks of 20 as you scroll down the list. If this has been a thorn in your side, rejoice! iOS please chime in if it's working for you.",negative,-0.19444444444444445,0.2888888888888889
1ll818f,For once the athlete intelligence was insightful,Highest heart rate in 2 weeks? Faster pace than my 2 week average? All interesting things I want to know! But the second I add a description I know itâ€™s going to be gone,28,12,1750963246.0,https://i.redd.it/ues4y6apgb9f1.jpeg,For once the athlete intelligence was insightful Highest heart rate in 2 weeks? Faster pace than my 2 week average? All interesting things I want to know! But the second I add a description I know itâ€™s going to be gone,positive,0.15833333333333333,0.3
1lkr57m,Make your Strava map Mythic!,"**Turn your Strava runs and rides into unique, shareable maps**  
I built a free web app [MythicMaps](http://mythicmaps.ai) (still in beta) that transforms your Strava activity into a stylized, fun map.

Current map styles include:

* **Mythic**
* **Japanese ink**
* **Real-Time Strategy game**
* **Urban schematic**

Iâ€™m open to suggestions on new styles!  
If you try it out, feel free to post your map in the comments.",372,64,1750912661.0,https://v.redd.it/02ruahp5a79f1,"Make your Strava map Mythic! **Turn your Strava runs and rides into unique, shareable maps**  
I built a free web app [MythicMaps](http://mythicmaps.ai) (still in beta) that transforms your Strava activity into a stylized, fun map.

Current map styles include:

* **Mythic**
* **Japanese ink**
* **Real-Time Strategy game**
* **Urban schematic**

Iâ€™m open to suggestions on new styles!  
If you try it out, feel free to post your map in the comments.",positive,0.12454545454545454,0.45545454545454545
1llf9hx,Having problems with uploading my activities from Apple fitness (from watch),"I have followed guides, including from previous questions asked in this subreddit, to set up the connection between my Apple activities and my Strava app. However the list of activities which is supposed to contain all from the last 30 days is empty. Is this a common problem and does anyone have any suggested solutions?
",3,3,1750981263.0,https://www.reddit.com/gallery/1llf9hx,"Having problems with uploading my activities from Apple fitness (from watch) I have followed guides, including from previous questions asked in this subreddit, to set up the connection between my Apple activities and my Strava app. However the list of activities which is supposed to contain all from the last 30 days is empty. Is this a common problem and does anyone have any suggested solutions?
",negative,-0.14166666666666666,0.30833333333333335
1ll8m1v,Is there a Strava for weightlifters?,"I love Strava but it's not super user friendly when trying to track strength training.  
  
What do you guys use to track workouts?  
  
Ideally a workout tracker with leaderboards, groups, ability to share image/videos. Also a huge plus if it integrates with my Apple Watch for logging.  
  
I've been using Strava for my runs and bike rides for years (love the segment PRs and kudos), but I've always been frustrated that there wasn't anything similar for my strength training sessions. Like, I spend 4-5 days a week in the gym lifting, but there was never a good way to track progress and connect with other lifters the way Strava does for cardio.  
  
I've tried Strong, Hevy, and Fitbod but none of them mimic the Strava experience. I just want to create groups with friends and have some kind of competitive aspect (challenges & leaderboards).  
  
Anyone have a suggestion? Thanks!  
",4,28,1750964619.0,https://www.reddit.com/r/Strava/comments/1ll8m1v/is_there_a_strava_for_weightlifters/,"Is there a Strava for weightlifters? I love Strava but it's not super user friendly when trying to track strength training.  
  
What do you guys use to track workouts?  
  
Ideally a workout tracker with leaderboards, groups, ability to share image/videos. Also a huge plus if it integrates with my Apple Watch for logging.  
  
I've been using Strava for my runs and bike rides for years (love the segment PRs and kudos), but I've always been frustrated that there wasn't anything similar for my strength training sessions. Like, I spend 4-5 days a week in the gym lifting, but there was never a good way to track progress and connect with other lifters the way Strava does for cardio.  
  
I've tried Strong, Hevy, and Fitbod but none of them mimic the Strava experience. I just want to create groups with friends and have some kind of competitive aspect (challenges & leaderboards).  
  
Anyone have a suggestion? Thanks!  
",positive,0.2012820512820513,0.5903846153846154
1llgc1t,Strava not showing the correct stats.,"https://preview.redd.it/5e3z59r67d9f1.png?width=694&format=png&auto=webp&s=c2ab2707275d4b6d41a64e763c3769bb28204e68

My garmin fr165 shows everything correct and strava pulled this from it. ",0,0,1750984295.0,https://www.reddit.com/r/Strava/comments/1llgc1t/strava_not_showing_the_correct_stats/,"Strava not showing the correct stats. https://preview.redd.it/5e3z59r67d9f1.png?width=694&format=png&auto=webp&s=c2ab2707275d4b6d41a64e763c3769bb28204e68

My garmin fr165 shows everything correct and strava pulled this from it. ",neutral,0.0,0.0
1lkk9q4,Strava + Runna membership on the way- 60% off bundle,"Hold off on getting a Runna subscription, bundle is coming soon. 60% off, doesn't look like existing Runna memberships will be converted into the bundle automatically

[https://x.com/AppSensa/status/1938010070484394457](https://x.com/AppSensa/status/1938010070484394457)",84,47,1750892327.0,https://www.reddit.com/r/Strava/comments/1lkk9q4/strava_runna_membership_on_the_way_60_off_bundle/,"Strava + Runna membership on the way- 60% off bundle Hold off on getting a Runna subscription, bundle is coming soon. 60% off, doesn't look like existing Runna memberships will be converted into the bundle automatically

[https://x.com/AppSensa/status/1938010070484394457](https://x.com/AppSensa/status/1938010070484394457)",neutral,0.0,0.0
1ll47o0,Predictor question,"I've read on here that the Strava predictions are fairly accurate. Can someone shed light on why it's showing 3 distances predicted faster for me, but my half marathon lost time? This comes after a tempo run in the heat with paces attached. I've been hitting 35, 41 and 50 miles (4 weeks in a row) respectively going back the last few weeks. Just curious, looking to learn more.",2,4,1750954391.0,https://www.reddit.com/gallery/1ll47o0,"Predictor question I've read on here that the Strava predictions are fairly accurate. Can someone shed light on why it's showing 3 distances predicted faster for me, but my half marathon lost time? This comes after a tempo run in the heat with paces attached. I've been hitting 35, 41 and 50 miles (4 weeks in a row) respectively going back the last few weeks. Just curious, looking to learn more.",neutral,0.0925925925925926,0.36296296296296293
1ll6u6a,Remove access to app/service,"As per title. I gave an app/service access to my account, that can now I want to remove it as it edits my description and I didn't know beforehand. Couldn't find anything in settings. Any help?",1,2,1750960458.0,https://www.reddit.com/r/Strava/comments/1ll6u6a/remove_access_to_appservice/,"Remove access to app/service As per title. I gave an app/service access to my account, that can now I want to remove it as it edits my description and I didn't know beforehand. Couldn't find anything in settings. Any help?",neutral,0.0,0.0
1lky1xp,Huawei Health,"Hi,

I have the FitPro4 and have syncâ€™d my Huawei health app with Strava. Workouts on my watch sync to Strava without any issues but Strava workouts donâ€™t seem to be syncing to my Huawei health app. Any ideas what Iâ€™m doing wrong? Iâ€™m in the UK using and iPhone 15.",3,0,1750938420.0,https://www.reddit.com/r/Strava/comments/1lky1xp/huawei_health/,"Huawei Health Hi,

I have the FitPro4 and have syncâ€™d my Huawei health app with Strava. Workouts on my watch sync to Strava without any issues but Strava workouts donâ€™t seem to be syncing to my Huawei health app. Any ideas what Iâ€™m doing wrong? Iâ€™m in the UK using and iPhone 15.",negative,-0.5,0.9
1lkw69g,Open water swim - elapsed time vs moving time,"Hi, OW swims are prone to inaccuracies since GPS doesn't transmit under water. I mix strokes (breaststroke/front crawl), so I either keep my watch in my swimcap or my phone in my safety buoy to get the GPS signal working. This way distance will be accurate, but  not the time. Strava seems to record it with very short ""moving time"", when ""elapsed time"" should be the main determinant of pace. Since there isn't a race option for swimming, the only way around this seem to be to download the file, run it through gotoes, and then upload it to strava again. Is there a better way? ",4,0,1750931868.0,https://www.reddit.com/r/Strava/comments/1lkw69g/open_water_swim_elapsed_time_vs_moving_time/,"Open water swim - elapsed time vs moving time Hi, OW swims are prone to inaccuracies since GPS doesn't transmit under water. I mix strokes (breaststroke/front crawl), so I either keep my watch in my swimcap or my phone in my safety buoy to get the GPS signal working. This way distance will be accurate, but  not the time. Strava seems to record it with very short ""moving time"", when ""elapsed time"" should be the main determinant of pace. Since there isn't a race option for swimming, the only way around this seem to be to download the file, run it through gotoes, and then upload it to strava again. Is there a better way? ",positive,0.1777777777777778,0.5594444444444444
1ll5b3n,"Since a couple weeks ago, the bike is not set for rides by Strava app.","I have two bikes, and one was always the default for ""Ride"". I've noticed that recently (about 2 weeks maybe) the app doesn't set the bike for a completed ride at all. 

In the settings the bike is set as default for ""Ride"" and ""Gravel Ride"". I have another bike in ""My Gear"", but it is not set as default for anything. My activities are marked by the app as ""Ride"", yet no bike is set when I complete them, so I have to set it manually.

I never had this problem since I started recording in 2021.

EDIT: [Seems other people have this issue, too](https://communityhub.strava.com/general-chat-2/known-issue-default-bicycle-default-gear-10282)",1,0,1750956964.0,https://www.reddit.com/r/Strava/comments/1ll5b3n/since_a_couple_weeks_ago_the_bike_is_not_set_for/,"Since a couple weeks ago, the bike is not set for rides by Strava app. I have two bikes, and one was always the default for ""Ride"". I've noticed that recently (about 2 weeks maybe) the app doesn't set the bike for a completed ride at all. 

In the settings the bike is set as default for ""Ride"" and ""Gravel Ride"". I have another bike in ""My Gear"", but it is not set as default for anything. My activities are marked by the app as ""Ride"", yet no bike is set when I complete them, so I have to set it manually.

I never had this problem since I started recording in 2021.

EDIT: [Seems other people have this issue, too](https://communityhub.strava.com/general-chat-2/known-issue-default-bicycle-default-gear-10282)",negative,-0.135,0.525
1lkvoav,Strava race predictor 1hr quicker than Garmin?,As stated in the title Strava says my marathon pace is 3hrs 26. Garmin says 4hrs 35. Any idea why the big difference? Iâ€™m training for my first marathon so I donâ€™t have any real life data ,4,18,1750929929.0,https://www.reddit.com/r/Strava/comments/1lkvoav/strava_race_predictor_1hr_quicker_than_garmin/,Strava race predictor 1hr quicker than Garmin? As stated in the title Strava says my marathon pace is 3hrs 26. Garmin says 4hrs 35. Any idea why the big difference? Iâ€™m training for my first marathon so I donâ€™t have any real life data ,positive,0.15,0.24444444444444446
1lku9tb,Display current min/km,"I'm trying to do a pace-changing workout, but in order to do that I need to track my real time min/km. During a run it shows me my ""split average pace"", which I don't think helps me in this scenario. Can anyone explain how can I track my current pace during a run?",3,5,1750924322.0,https://www.reddit.com/r/Strava/comments/1lku9tb/display_current_minkm/,"Display current min/km I'm trying to do a pace-changing workout, but in order to do that I need to track my real time min/km. During a run it shows me my ""split average pace"", which I don't think helps me in this scenario. Can anyone explain how can I track my current pace during a run?",neutral,0.012500000000000004,0.375
1ll0hjk,GPS Track Missing on Strava for Open Water Swim with Apple Watch,"Hi everyone,  
Iâ€™m having a weird issue when using my Apple Watch (latest OS) for open water swimming workouts. The GPS track is clearly recorded and viewable in the Apple Fitness app on iOS, but when the activity syncs to Strava, thereâ€™s no GPS map shown, only metrics like time, distance, etc.

I use automatic sync between Apple Health/Fitness and Strava. This issue seems to happen only with open water swims. Runs and rides sync with GPS data just fine.

Has anyone else run into this?  
Is it a limitation of Strava, or is there any known workaround to make the GPS track show up?

Thanks in advance!",1,1,1750945386.0,https://www.reddit.com/r/Strava/comments/1ll0hjk/gps_track_missing_on_strava_for_open_water_swim/,"GPS Track Missing on Strava for Open Water Swim with Apple Watch Hi everyone,  
Iâ€™m having a weird issue when using my Apple Watch (latest OS) for open water swimming workouts. The GPS track is clearly recorded and viewable in the Apple Fitness app on iOS, but when the activity syncs to Strava, thereâ€™s no GPS map shown, only metrics like time, distance, etc.

I use automatic sync between Apple Health/Fitness and Strava. This issue seems to happen only with open water swims. Runs and rides sync with GPS data just fine.

Has anyone else run into this?  
Is it a limitation of Strava, or is there any known workaround to make the GPS track show up?

Thanks in advance!",neutral,0.051515151515151514,0.593939393939394
1lkyhkp,Changing plan from annual to monthly,"I forgot to unsubcribe to annual plan after the free trial. If I change my subscription to monthly, will I at least get part of my money back? ",1,2,1750939755.0,https://www.reddit.com/r/Strava/comments/1lkyhkp/changing_plan_from_annual_to_monthly/,"Changing plan from annual to monthly I forgot to unsubcribe to annual plan after the free trial. If I change my subscription to monthly, will I at least get part of my money back? ",neutral,0.03333333333333335,0.4000000000000001
1llap86,Does Strava Synch with Hevy,"I use Hevy for lifting â€” does it synch with Strava?
",0,2,1750969600.0,https://www.reddit.com/r/Strava/comments/1llap86/does_strava_synch_with_hevy/,"Does Strava Synch with Hevy I use Hevy for lifting â€” does it synch with Strava?
",neutral,0.0,0.0
1ll9z68,Why Strava doesn't take in consideration when I stop the watch ans keep recording It as part of the workout??,"I use my Amazfit T Rex 3 to record my workout, why when they upload to Strava the time is actually different than the actual workout time? It seems Strava doesn't take in consideration when I stop the watch, for instance when sprinting or swimming if I do 6x200meters or 5x150meters swimming, my watch only record the actual duration of the workout, so doesn't take in consideration the rest I have in between sprinta or pool lenghts while Strava take all the time that passed since I pressed start until I press finish. Making the average speed while running or swimming way slower than what Is actually is. Any way to fix It?",0,9,1750967881.0,https://www.reddit.com/r/Strava/comments/1ll9z68/why_strava_doesnt_take_in_consideration_when_i/,"Why Strava doesn't take in consideration when I stop the watch ans keep recording It as part of the workout?? I use my Amazfit T Rex 3 to record my workout, why when they upload to Strava the time is actually different than the actual workout time? It seems Strava doesn't take in consideration when I stop the watch, for instance when sprinting or swimming if I do 6x200meters or 5x150meters swimming, my watch only record the actual duration of the workout, so doesn't take in consideration the rest I have in between sprinta or pool lenghts while Strava take all the time that passed since I pressed start until I press finish. Making the average speed while running or swimming way slower than what Is actually is. Any way to fix It?",neutral,-0.024999999999999998,0.38333333333333336
1ll1f8g,Misleading Spam Emails,"""Weâ€™re upgrading your Heart Rate, Pace and Power zones to give you more personalized training insights. To make sure your zones reflect your most accurate fitness level, please check and update your Max Heart Rate and FTP (if youâ€™re a cyclist) before July 1st.""

  
Sounds great. Until you clink the link and of course it's literally asking you to just subscribe to premium. ",0,4,1750947783.0,https://www.reddit.com/r/Strava/comments/1ll1f8g/misleading_spam_emails/,"Misleading Spam Emails ""Weâ€™re upgrading your Heart Rate, Pace and Power zones to give you more personalized training insights. To make sure your zones reflect your most accurate fitness level, please check and update your Max Heart Rate and FTP (if youâ€™re a cyclist) before July 1st.""

  
Sounds great. Until you clink the link and of course it's literally asking you to just subscribe to premium. ",positive,0.54,0.6544444444444444
1ljm2fd,found at thrift store (immediately copped),finding this felt like a modern day love storyâ€¦,497,7,1750796921.0,https://i.redd.it/j9n05af4qx8f1.jpeg,found at thrift store (immediately copped) finding this felt like a modern day love storyâ€¦,positive,0.35,0.44999999999999996
1lkezxd,Strava elevation gain does not match Garmin?,"Last week I tracked a day at the bike park on my Garmin watch, and then uploaded the data to Strava after the day was done. I normally pause the tracking on the lift up, but I forgot once and so my Garmin says 1831â€™ elevation gain. However, Strava says 5702â€™ elevation gain. The distance is exactly the same on both at 30.36 miles. 

Why is the Strava figure different and is there a way to fix it? 

Also is there a way to override the elevation gain so I can set it at 0 ( but keep the same miles traveled)?

Thanks! ",5,5,1750879540.0,https://www.reddit.com/gallery/1lkezxd,"Strava elevation gain does not match Garmin? Last week I tracked a day at the bike park on my Garmin watch, and then uploaded the data to Strava after the day was done. I normally pause the tracking on the lift up, but I forgot once and so my Garmin says 1831â€™ elevation gain. However, Strava says 5702â€™ elevation gain. The distance is exactly the same on both at 30.36 miles. 

Why is the Strava figure different and is there a way to fix it? 

Also is there a way to override the elevation gain so I can set it at 0 ( but keep the same miles traveled)?

Thanks! ",neutral,0.09285714285714286,0.28809523809523807
1ljy9ns,Android route creation sucks,Why does route mapping on Android suck so much? ,46,42,1750832325.0,https://v.redd.it/rzdd5yeen09f1,Android route creation sucks Why does route mapping on Android suck so much? ,neutral,-0.04999999999999999,0.25
1lk1kpj,"Stava, Shut up already! (see comments for details)","    Translation: ""Nice elevation gain! You climbed 1 m in your recent activity. ""
    
    to give a little context, I'm getting back into running after a torn hamstring and a fractured lumbar vertebra. In short, being able to run again, and not being in a wheelchair, is already an achievement.
    
    So yah, f-you Strava with your lame AI :)",10,5,1750845460.0,https://i.redd.it/ahoctvzmp19f1.jpeg,"Stava, Shut up already! (see comments for details)     Translation: ""Nice elevation gain! You climbed 1 m in your recent activity. ""
    
    to give a little context, I'm getting back into running after a torn hamstring and a fractured lumbar vertebra. In short, being able to run again, and not being in a wheelchair, is already an achievement.
    
    So yah, f-you Strava with your lame AI :)",positive,0.1328125,0.553125
